{"--slds-c-accordion-sizing-border":{"fallbackValue":"1px","category":"Sizing","valueType":"Dimension"},"--slds-c-accordion-color-border":{"fallbackValue":"1, #e5e5e5","category":"Color","valueType":"Color"},"--slds-c-accordion-section-spacing-block-start":{"fallbackValue":"0.75rem","category":"Spacing","valueType":"Dimension"},"--slds-c-accordion-section-spacing-inline-end":{"fallbackValue":"0.75rem","category":"Spacing","valueType":"Dimension"},"--slds-c-accordion-section-spacing-block-end":{"fallbackValue":"0.75rem","category":"Spacing","valueType":"Dimension"},"--slds-c-accordion-section-spacing-inline-start":{"fallbackValue":"0.75rem","category":"Spacing","valueType":"Dimension"},"--slds-c-accordion-summary-color-background":{"fallbackValue":"transparent","category":"Color","valueType":"Color"},"--slds-c-accordion-heading-text-color":{"fallbackValue":"10, #181818","category":"Color","valueType":"Color"},"--slds-c-accordion-heading-font-size":{"fallbackValue":"1rem","category":"Font","valueType":"Dimension"},"--slds-c-accordion-heading-line-height":{"fallbackValue":"1.25","category":"Text","valueType":"Number"}}