{"--slds-c-radio-color-border":{"fallbackValue":"4, #c9c9c9","category":"Color","valueType":"Color"},"--slds-c-radio-color-background":{"fallbackValue":"100, white","category":"Color","valueType":"Color"},"--slds-c-radio-shadow":{"fallbackValue":"","category":"Box Shadow","valueType":"String"},"--slds-c-radio-color-border-checked":{"fallbackValue":"4, #c9c9c9","category":"Color","valueType":"Color"},"--slds-c-radio-color-background-checked":{"fallbackValue":"100, white","category":"Color","valueType":"Color"},"--slds-c-radio-mark-color-foreground":{"fallbackValue":"#0176d3","category":"Color","valueType":"Color"},"--slds-c-radio-color-border-focus":{"fallbackValue":"60, #1b96ff","category":"Color","valueType":"Color"},"--slds-c-radio-shadow-focus":{"fallbackValue":"0 0 3px #0176d3","category":"Box Shadow","valueType":"String"}}