{"--slds-c-card-spacing-block-start":{"fallbackValue":"0","category":"Spacing","valueType":"Dimension"},"--slds-c-card-spacing-inline-end":{"fallbackValue":"0","category":"Spacing","valueType":"Dimension"},"--slds-c-card-spacing-block-end":{"fallbackValue":"0","category":"Spacing","valueType":"Dimension"},"--slds-c-card-spacing-inline-start":{"fallbackValue":"0","category":"Spacing","valueType":"Dimension"},"--slds-c-card-color-background":{"fallbackValue":"100, white","category":"Color","valueType":"Color"},"--slds-c-card-sizing-border":{"fallbackValue":"1px","category":"Sizing","valueType":"Dimension"},"--slds-c-card-color-border":{"fallbackValue":"1, #c9c9c9","category":"Color","valueType":"Color"},"--slds-c-card-radius-border":{"fallbackValue":"0.25rem","category":"Radius","valueType":"Dimension"},"--slds-c-card-shadow":{"fallbackValue":"0 2px 2px 0 rgba(0, 0, 0, 0.1)","category":"Box Shadow","valueType":"String"},"--slds-c-card-text-color":{"fallbackValue":"","category":"Color","valueType":"Color"},"--slds-c-card-header-spacing-block-start":{"fallbackValue":"0.75rem","category":"Spacing","valueType":"Dimension"},"--slds-c-card-header-spacing-inline-end":{"fallbackValue":"1rem","category":"Spacing","valueType":"Dimension"},"--slds-c-card-header-spacing-block-end":{"fallbackValue":"0","category":"Spacing","valueType":"Dimension"},"--slds-c-card-header-spacing-inline-start":{"fallbackValue":"1rem","category":"Spacing","valueType":"Dimension"},"--slds-c-card-heading-font-size":{"fallbackValue":"1rem","category":"Font","valueType":"Dimension"},"--slds-c-card-heading-font-weight":{"fallbackValue":"700","category":"Text","valueType":"String, Number"},"--slds-c-card-body-spacing-block-start":{"fallbackValue":"0.75rem","category":"Spacing","valueType":"Dimension"},"--slds-c-card-body-spacing-block-end":{"fallbackValue":"0.75rem","category":"Spacing","valueType":"Dimension"},"--slds-c-card-body-spacing-inline-end":{"fallbackValue":"1rem","category":"Spacing","valueType":"Dimension"},"--slds-c-card-body-spacing-inline-start":{"fallbackValue":"1rem","category":"Spacing","valueType":"Dimension"},"--slds-c-card-footer-spacing-block-start":{"fallbackValue":"0.75rem","category":"Spacing","valueType":"Dimension"},"--slds-c-card-footer-spacing-inline-end":{"fallbackValue":"1rem","category":"Spacing","valueType":"Dimension"},"--slds-c-card-footer-spacing-block-end":{"fallbackValue":"0.75rem","category":"Spacing","valueType":"Dimension"},"--slds-c-card-footer-spacing-inline-start":{"fallbackValue":"1rem","category":"Spacing","valueType":"Dimension"},"--slds-c-card-footer-text-align":{"fallbackValue":"center","category":"Text","valueType":"String"},"--slds-c-card-footer-font-size":{"fallbackValue":"0.8125rem","category":"Font","valueType":"Dimension"},"--slds-c-card-footer-sizing-border":{"fallbackValue":"1px","category":"Sizing","valueType":"Dimension"},"--slds-c-card-footer-color-border":{"fallbackValue":"1, #c9c9c9","category":"Color","valueType":"Color"}}