{"--slds-c-form-compound-spacing-block-start":{"fallbackValue":"0","category":"Spacing","valueType":"Dimension"},"--slds-c-form-compound-spacing-block-end":{"fallbackValue":"0","category":"Spacing","valueType":"Dimension"},"--slds-c-form-compound-spacing-inline-start":{"fallbackValue":"0","category":"Spacing","valueType":"Dimension"},"--slds-c-form-compound-spacing-inline-end":{"fallbackValue":"0","category":"Spacing","valueType":"Dimension"},"--slds-c-form-row-spacing-block-start":{"fallbackValue":"0","category":"Spacing","valueType":"Dimension"},"--slds-c-form-row-spacing-block-end":{"fallbackValue":"0.25rem","category":"Spacing","valueType":"Dimension"},"--slds-c-form-row-spacing-inline-start":{"fallbackValue":"0","category":"Spacing","valueType":"Dimension"},"--slds-c-form-row-spacing-inline-end":{"fallbackValue":"0","category":"Spacing","valueType":"Dimension"}}