{"--slds-c-popover-position-zindex":{"fallbackValue":"6000","category":"Position","valueType":"Integer"},"--slds-c-tooltip-sizing-max-width":{"fallbackValue":"20rem","category":"Sizing","valueType":"Dimension"},"--slds-c-tooltip-color-background":{"fallbackValue":"20, #032d60","category":"Color","valueType":"Color"},"--slds-c-tooltip-font-size":{"fallbackValue":"0.75rem","category":"Font","valueType":"Dimension"},"--slds-c-tooltip-text-color":{"fallbackValue":"100, white","category":"Color","valueType":"Color"}}