{"--slds-c-select-color-border":{"fallbackValue":"4, #c9c9c9","category":"Color","valueType":"Color"},"--slds-c-select-radius-border":{"fallbackValue":"0.25rem","category":"Radius","valueType":"Dimension"},"--slds-c-select-color-background":{"fallbackValue":"100, white","category":"Color","valueType":"Color"},"--slds-c-select-text-color":{"fallbackValue":"","category":"Color","valueType":"Color"},"--slds-c-select-shadow":{"fallbackValue":"","category":"Box Shadow","valueType":"String"},"--slds-c-select-color-border-focus":{"fallbackValue":"60, #1b96ff","category":"Color","valueType":"Color"},"--slds-c-select-color-background-focus":{"fallbackValue":"100, white","category":"Color","valueType":"Color"},"--slds-c-select-text-color-focus":{"fallbackValue":"","category":"Color","valueType":"Color"},"--slds-c-select-shadow-focus":{"fallbackValue":"0 0 3px #0176d3","category":"Box Shadow","valueType":"String"}}