{"--slds-c-toast-color-background":{"fallbackValue":"50, #747474","category":"Color","valueType":"Color"},"--slds-c-toast-text-color":{"fallbackValue":"","category":"Color","valueType":"Color"},"--slds-c-toast-radius-border":{"fallbackValue":"0.25rem","category":"Radius","valueType":"Dimension"},"--slds-c-toast-spacing-block-start":{"fallbackValue":"0.75rem","category":"Spacing","valueType":"Dimension"},"--slds-c-toast-spacing-inline-end":{"fallbackValue":"3rem","category":"Spacing","valueType":"Dimension"},"--slds-c-toast-spacing-block-end":{"fallbackValue":"0.75rem","category":"Spacing","valueType":"Dimension"},"--slds-c-toast-spacing-inline-start":{"fallbackValue":"1.5rem","category":"Spacing","valueType":"Dimension"},"--slds-c-toast-sizing-min-width":{"fallbackValue":"30rem","category":"Sizing","valueType":"Dimension"}}